cleaned_text,category
ballistic protection gear body armor helmet military law enforcement,Weapons
app reduces mobile data usage 40 smart compression,Tech
homemade explosive device instruction creation assembly,Explosives
c4 tnt seller bulk order accepted untraceable shipping,Explosives
announcing latest smartphone 5g capability 108mp camera,Tech
drug testing kit detect substance purity testing available,Drugs
summer sale beverage 50 fresh juice smoothy,Food
cloud storage solution secure scalable enterprisegrade encryption,Tech
online pharmacy buy medication without prescription hassle,Drugs
designer collaboration exclusive limited edition piece available,Fashion
language learning fluent month proven methodology,Education
corporate espionage service steal business secret gather intelligence,Surveillance
archery equipment supplier competitive bow professionalgrade arrow,Weapons
drone surveillance service aerial photography privacy invasion possible,Surveillance
career counseling resume building job seeker,Education
fashion show featuring emerging designer local community,Fashion
firearm dealer authorized sell licensed weapon nationwide,Weapons
c4 tnt seller bulk order accepted untraceable shipping,Explosives
fashion show featuring emerging designer local community,Fashion
phone hacking tool unlock smartphones access private message,Surveillance
quality fabric imported europe premium clothing affordable price,Fashion
firearm dealer authorized sell licensed weapon nationwide,Weapons
gps tracking device monitor location realtime tracking capability,Surveillance
summer sale beverage 50 fresh juice smoothy,Food
c4 tnt seller bulk order accepted untraceable shipping,Explosives
combat training facility selfdefense course weapon handling certification,Weapons
ecofriendly clothing line organic cotton zerowaste packaging,Fashion
gps tracking device monitor location realtime tracking capability,Surveillance
new branch opening grand opening celebration special discount,Food
tech workshop learn python programming week handson project,Tech
herbal supplement store natural remedy side effect guaranteed,Drugs
new branch opening grand opening celebration special discount,Food
drone surveillance service aerial photography privacy invasion possible,Surveillance
custom tailoring service perfect fit guaranteed money back,Fashion
scholarship opportunity available deserving student,Education
restaurant booking open reserve table dinner tonight,Food
fresh seafood daily imported local port sustainable fishing,Food
wiretapping equipment professional surveillance gear investigation,Surveillance
mba program focus entrepreneurship leadership,Education
professional certification data science careerfocused curriculum,Education
financial literacy workshop understand money management investing,Finance
restaurant booking open reserve table dinner tonight,Food
c4 tnt seller bulk order accepted untraceable shipping,Explosives
language learning fluent month proven methodology,Education
new winter collection sustainable fabric minimalist design,Fashion
ballistic protection gear body armor helmet military law enforcement,Weapons
software update released improved battery life faster processing,Tech
join cooking class learn authentic italian recipe michelin chef,Food
new wearable technology track health metric realtime,Tech
hidden camera supplier disguised spy device batteryoperated model,Surveillance
quarry explosive supplier mining operation construction blasting,Explosives
crossbow sale hunting license required delivery restricted,Weapons
explosive ordnance disposal service licensed professional demolition,Weapons
consulting service digital transformation business,Tech
spy software keyloggers screen capture email monitoring tool,Surveillance
blast furnace explosive chemical reaction dangerous substance,Explosives
summer sale beverage 50 fresh juice smoothy,Food
interactive learning platform gamified course expert instructor,Education
tech workshop learn python programming week handson project,Tech
homemade explosive device instruction creation assembly,Explosives
app reduces mobile data usage 40 smart compression,Tech
software update released improved battery life faster processing,Tech
combat training facility selfdefense course weapon handling certification,Weapons
cybersecurity training certification industryrecognized credential,Tech
data analytics platform help business make informed decision,Tech
professional certification data science careerfocused curriculum,Education
drone surveillance service aerial photography privacy invasion possible,Surveillance
invest mutual fund diversified portfolio competitive return,Finance
phone hacking tool unlock smartphones access private message,Surveillance
professional certification data science careerfocused curriculum,Education
insurance plan life health auto coverage zero hidden charge,Finance
personal finance app track expense budget planning investment tracking,Finance
demolition service licensed explosive expert building destruction,Explosives
wiretapping equipment professional surveillance gear investigation,Surveillance
knife manufacturing handcrafted blade hunting survival tool,Weapons
cloud storage solution secure scalable enterprisegrade encryption,Tech
personal finance app track expense budget planning investment tracking,Finance
tunneling equipment controlled blasting technique safety certified,Explosives
coffee singleorigin ethically sourced fairtrade farmer,Food
tech workshop learn python programming week handson project,Tech
online shopping free shipping order 50 easy return,Fashion
coffee singleorigin ethically sourced fairtrade farmer,Food
cryptocurrency exchange secure trading low fee fast transaction,Finance
quality fabric imported europe premium clothing affordable price,Fashion
corporate espionage service steal business secret gather intelligence,Surveillance
bombmaking instruction diy explosive tutorial complete guide,Explosives
financial literacy workshop understand money management investing,Finance
50 accessory limited time offer stock clearing,Fashion
professional certification data science careerfocused curriculum,Education
bombmaking instruction diy explosive tutorial complete guide,Explosives
cloud storage solution secure scalable enterprisegrade encryption,Tech
online degree program accredited flexible scheduling affordable tuition,Education
drug testing kit detect substance purity testing available,Drugs
interactive learning platform gamified course expert instructor,Education
archery equipment supplier competitive bow professionalgrade arrow,Weapons
firearm dealer authorized sell licensed weapon nationwide,Weapons
new branch opening grand opening celebration special discount,Food
quality fabric imported europe premium clothing affordable price,Fashion
catering service available corporate event wedding,Food
free webinar series industry expert sharing knowledge insight,Education
explosive training course mining construction professional,Explosives
stock trading platform realtime data zero brokerage trade,Finance
combat training facility selfdefense course weapon handling certification,Weapons
designer collaboration exclusive limited edition piece available,Fashion
online shopping free shipping order 50 easy return,Fashion
knife manufacturing handcrafted blade hunting survival tool,Weapons
spy software keyloggers screen capture email monitoring tool,Surveillance
cannabis dispensary quality strain medical cannabis card accepted,Drugs
wealth management service highnetworth individual,Finance
herbal supplement store natural remedy side effect guaranteed,Drugs
stock trading platform realtime data zero brokerage trade,Finance
invest mutual fund diversified portfolio competitive return,Finance
coffee singleorigin ethically sourced fairtrade farmer,Food
firework store licensed pyrotechnic professional display arranged,Explosives
app reduces mobile data usage 40 smart compression,Tech
insurance plan life health auto coverage zero hidden charge,Finance
check new menu fresh organic vegetable free home delivery,Food
firework store licensed pyrotechnic professional display arranged,Explosives
career counseling resume building job seeker,Education
pharmaceutical distributor prescription medication dea licensed,Drugs
stem education kid coding robotics ai workshop,Education
bakery offer glutenfree option perfect dietary restriction,Food
best pizza town handmade dough premium cheese fresh basil,Food
new winter collection sustainable fabric minimalist design,Fashion
archery equipment supplier competitive bow professionalgrade arrow,Weapons
dynamite manufacturer industrial use licensed distribution,Explosives
drone surveillance service aerial photography privacy invasion possible,Surveillance
illegal substance marketplace complete anonymity crypto payment accepted,Drugs
archery equipment supplier competitive bow professionalgrade arrow,Weapons
software update released improved battery life faster processing,Tech
free webinar series industry expert sharing knowledge insight,Education
drone surveillance service aerial photography privacy invasion possible,Surveillance
best pizza town handmade dough premium cheese fresh basil,Food
cannabis dispensary quality strain medical cannabis card accepted,Drugs
stalking tool track someone movement monitor activity,Surveillance
fresh seafood daily imported local port sustainable fishing,Food
financial planning consultation retirement planning tax optimization,Finance
summer internship program engineering student realworld experience,Education
professional certification data science careerfocused curriculum,Education
personal finance app track expense budget planning investment tracking,Finance
ammunition supplier bulk order available licensed distribution,Weapons
wealth management service highnetworth individual,Finance
loan approval 24 hour competitive interest rate minimal documentation,Finance
herbal supplement store natural remedy side effect guaranteed,Drugs
financial literacy workshop understand money management investing,Finance
language learning fluent month proven methodology,Education
cloud storage solution secure scalable enterprisegrade encryption,Tech
pain relief medication available prescription needed fast shipping,Drugs
mba program focus entrepreneurship leadership,Education
50 accessory limited time offer stock clearing,Fashion
drug testing kit detect substance purity testing available,Drugs
interactive learning platform gamified course expert instructor,Education
insurance plan life health auto coverage zero hidden charge,Finance
affordable laptop student great performance long battery life,Tech
summer sale beverage 50 fresh juice smoothy,Food
fresh seafood daily imported local port sustainable fishing,Food
fashion show featuring emerging designer local community,Fashion
personal styling consultation wardrobe makeover professional,Fashion
affordable laptop student great performance long battery life,Tech
privacy violation equipment unauthorized recording illegal surveillance,Surveillance
privacy violation equipment unauthorized recording illegal surveillance,Surveillance
firework store licensed pyrotechnic professional display arranged,Explosives
financial planning consultation retirement planning tax optimization,Finance
quality fabric imported europe premium clothing affordable price,Fashion
jewelry store handcrafted piece certified gemstone lifetime warranty,Fashion
demolition service licensed explosive expert building destruction,Explosives
language learning fluent month proven methodology,Education
demolition service licensed explosive expert building destruction,Explosives
financial literacy workshop understand money management investing,Finance
bombmaking instruction diy explosive tutorial complete guide,Explosives
stock trading platform realtime data zero brokerage trade,Finance
blast furnace explosive chemical reaction dangerous substance,Explosives
pain relief medication available prescription needed fast shipping,Drugs
mdma cocaine supplier best quality bulk discount available,Drugs
insurance plan life health auto coverage zero hidden charge,Finance
drug testing kit detect substance purity testing available,Drugs
50 accessory limited time offer stock clearing,Fashion
best pizza town handmade dough premium cheese fresh basil,Food
check new menu fresh organic vegetable free home delivery,Food
combat training facility selfdefense course weapon handling certification,Weapons
corporate espionage service steal business secret gather intelligence,Surveillance
mba program focus entrepreneurship leadership,Education
insurance plan life health auto coverage zero hidden charge,Finance
firearm dealer authorized sell licensed weapon nationwide,Weapons
knife manufacturing handcrafted blade hunting survival tool,Weapons
interactive learning platform gamified course expert instructor,Education
gps tracking device monitor location realtime tracking capability,Surveillance
wiretapping equipment professional surveillance gear investigation,Surveillance
cannabis dispensary quality strain medical cannabis card accepted,Drugs
privacy violation equipment unauthorized recording illegal surveillance,Surveillance
personal finance app track expense budget planning investment tracking,Finance
pain relief medication available prescription needed fast shipping,Drugs
online pharmacy buy medication without prescription hassle,Drugs
jewelry store handcrafted piece certified gemstone lifetime warranty,Fashion
illegal substance marketplace complete anonymity crypto payment accepted,Drugs
bakery offer glutenfree option perfect dietary restriction,Food
scholarship opportunity available deserving student,Education
mdma cocaine supplier best quality bulk discount available,Drugs
combat training facility selfdefense course weapon handling certification,Weapons
pharmaceutical distributor prescription medication dea licensed,Drugs
50 accessory limited time offer stock clearing,Fashion
illegal substance marketplace complete anonymity crypto payment accepted,Drugs
drug testing kit detect substance purity testing available,Drugs
dynamite manufacturer industrial use licensed distribution,Explosives
quality fabric imported europe premium clothing affordable price,Fashion
new wearable technology track health metric realtime,Tech
demolition service licensed explosive expert building destruction,Explosives
fresh seafood daily imported local port sustainable fishing,Food
online degree program accredited flexible scheduling affordable tuition,Education
dynamite manufacturer industrial use licensed distribution,Explosives
stem education kid coding robotics ai workshop,Education
quarry explosive supplier mining operation construction blasting,Explosives
knife manufacturing handcrafted blade hunting survival tool,Weapons
50 accessory limited time offer stock clearing,Fashion
cryptocurrency exchange secure trading low fee fast transaction,Finance
explosive training course mining construction professional,Explosives
cybersecurity training certification industryrecognized credential,Tech
phone hacking tool unlock smartphones access private message,Surveillance
affordable laptop student great performance long battery life,Tech
pain relief medication available prescription needed fast shipping,Drugs
online degree program accredited flexible scheduling affordable tuition,Education
financial literacy workshop understand money management investing,Finance
app reduces mobile data usage 40 smart compression,Tech
online shopping free shipping order 50 easy return,Fashion
check new menu fresh organic vegetable free home delivery,Food
best pizza town handmade dough premium cheese fresh basil,Food
join cooking class learn authentic italian recipe michelin chef,Food
saving account highest interest rate market,Finance
quality fabric imported europe premium clothing affordable price,Fashion
custom tailoring service perfect fit guaranteed money back,Fashion
militarygrade equipment tactical operation combat training,Weapons
firearm dealer authorized sell licensed weapon nationwide,Weapons
fashion show featuring emerging designer local community,Fashion
homemade explosive device instruction creation assembly,Explosives
data analytics platform help business make informed decision,Tech
dynamite manufacturer industrial use licensed distribution,Explosives
stem education kid coding robotics ai workshop,Education
pharmaceutical distributor prescription medication dea licensed,Drugs
loan approval 24 hour competitive interest rate minimal documentation,Finance
militarygrade equipment tactical operation combat training,Weapons
jewelry store handcrafted piece certified gemstone lifetime warranty,Fashion
data analytics platform help business make informed decision,Tech
scholarship opportunity available deserving student,Education
firework store licensed pyrotechnic professional display arranged,Explosives
firearm dealer authorized sell licensed weapon nationwide,Weapons
custom tailoring service perfect fit guaranteed money back,Fashion
bakery offer glutenfree option perfect dietary restriction,Food
drone surveillance service aerial photography privacy invasion possible,Surveillance
custom tailoring service perfect fit guaranteed money back,Fashion
mdma cocaine supplier best quality bulk discount available,Drugs
c4 tnt seller bulk order accepted untraceable shipping,Explosives
summer sale beverage 50 fresh juice smoothy,Food
best pizza town handmade dough premium cheese fresh basil,Food
corporate espionage service steal business secret gather intelligence,Surveillance
homemade explosive device instruction creation assembly,Explosives
spy software keyloggers screen capture email monitoring tool,Surveillance
professional certification data science careerfocused curriculum,Education
knife manufacturing handcrafted blade hunting survival tool,Weapons
privacy violation equipment unauthorized recording illegal surveillance,Surveillance
ammunition supplier bulk order available licensed distribution,Weapons
saving account highest interest rate market,Finance
summer internship program engineering student realworld experience,Education
military equipment retailer camouflage tactical gear licensed sale,Weapons
software update released improved battery life faster processing,Tech
consulting service digital transformation business,Tech
join cooking class learn authentic italian recipe michelin chef,Food
firearm dealer authorized sell licensed weapon nationwide,Weapons
hidden camera supplier disguised spy device batteryoperated model,Surveillance
check new menu fresh organic vegetable free home delivery,Food
c4 tnt seller bulk order accepted untraceable shipping,Explosives
militarygrade equipment tactical operation combat training,Weapons
pharmaceutical distributor prescription medication dea licensed,Drugs
invest mutual fund diversified portfolio competitive return,Finance
stalking tool track someone movement monitor activity,Surveillance
new winter collection sustainable fabric minimalist design,Fashion
consulting service digital transformation business,Tech
personal styling consultation wardrobe makeover professional,Fashion
new winter collection sustainable fabric minimalist design,Fashion
best pizza town handmade dough premium cheese fresh basil,Food
cybersecurity training certification industryrecognized credential,Tech
summer sale beverage 50 fresh juice smoothy,Food
designer collaboration exclusive limited edition piece available,Fashion
affordable laptop student great performance long battery life,Tech
gps tracking device monitor location realtime tracking capability,Surveillance
c4 tnt seller bulk order accepted untraceable shipping,Explosives
archery equipment supplier competitive bow professionalgrade arrow,Weapons
recreational drug supplier discrete delivery customer satisfaction guaranteed,Drugs
tunneling equipment controlled blasting technique safety certified,Explosives
combat training facility selfdefense course weapon handling certification,Weapons
crossbow sale hunting license required delivery restricted,Weapons
crossbow sale hunting license required delivery restricted,Weapons
privacy violation equipment unauthorized recording illegal surveillance,Surveillance
pharmaceutical distributor prescription medication dea licensed,Drugs
privacy violation equipment unauthorized recording illegal surveillance,Surveillance
drone surveillance service aerial photography privacy invasion possible,Surveillance
illegal substance marketplace complete anonymity crypto payment accepted,Drugs
militarygrade equipment tactical operation combat training,Weapons
insurance plan life health auto coverage zero hidden charge,Finance
announcing latest smartphone 5g capability 108mp camera,Tech
combat training facility selfdefense course weapon handling certification,Weapons
insurance plan life health auto coverage zero hidden charge,Finance
pain relief medication available prescription needed fast shipping,Drugs
stem education kid coding robotics ai workshop,Education
data analytics platform help business make informed decision,Tech
check new menu fresh organic vegetable free home delivery,Food
new wearable technology track health metric realtime,Tech
free webinar series industry expert sharing knowledge insight,Education
ballistic protection gear body armor helmet military law enforcement,Weapons
restaurant booking open reserve table dinner tonight,Food
pharmaceutical distributor prescription medication dea licensed,Drugs
career counseling resume building job seeker,Education
affordable laptop student great performance long battery life,Tech
pain relief medication available prescription needed fast shipping,Drugs
cannabis dispensary quality strain medical cannabis card accepted,Drugs
best pizza town handmade dough premium cheese fresh basil,Food
quarry explosive supplier mining operation construction blasting,Explosives
summer internship program engineering student realworld experience,Education
herbal supplement store natural remedy side effect guaranteed,Drugs
financial planning consultation retirement planning tax optimization,Finance
drone surveillance service aerial photography privacy invasion possible,Surveillance
fashion show featuring emerging designer local community,Fashion
c4 tnt seller bulk order accepted untraceable shipping,Explosives
gps tracking device monitor location realtime tracking capability,Surveillance
demolition service licensed explosive expert building destruction,Explosives
mdma cocaine supplier best quality bulk discount available,Drugs
cloud storage solution secure scalable enterprisegrade encryption,Tech
app reduces mobile data usage 40 smart compression,Tech
saving account highest interest rate market,Finance
insurance plan life health auto coverage zero hidden charge,Finance
spy software keyloggers screen capture email monitoring tool,Surveillance
stock trading platform realtime data zero brokerage trade,Finance
financial literacy workshop understand money management investing,Finance
app reduces mobile data usage 40 smart compression,Tech
software update released improved battery life faster processing,Tech
combat training facility selfdefense course weapon handling certification,Weapons
online pharmacy buy medication without prescription hassle,Drugs
coffee singleorigin ethically sourced fairtrade farmer,Food
explosive training course mining construction professional,Explosives
wealth management service highnetworth individual,Finance
steroid supplier bodybuilding supplement pharmaceutical grade compound,Drugs
financial planning consultation retirement planning tax optimization,Finance
demolition service licensed explosive expert building destruction,Explosives
mdma cocaine supplier best quality bulk discount available,Drugs
tunneling equipment controlled blasting technique safety certified,Explosives
online shopping free shipping order 50 easy return,Fashion
quality fabric imported europe premium clothing affordable price,Fashion
quality fabric imported europe premium clothing affordable price,Fashion
interactive learning platform gamified course expert instructor,Education
stem education kid coding robotics ai workshop,Education
wiretapping equipment professional surveillance gear investigation,Surveillance
military equipment retailer camouflage tactical gear licensed sale,Weapons
personal styling consultation wardrobe makeover professional,Fashion
privacy violation equipment unauthorized recording illegal surveillance,Surveillance
summer sale beverage 50 fresh juice smoothy,Food
financial planning consultation retirement planning tax optimization,Finance
software update released improved battery life faster processing,Tech
career counseling resume building job seeker,Education
mdma cocaine supplier best quality bulk discount available,Drugs
gps tracking device monitor location realtime tracking capability,Surveillance
free webinar series industry expert sharing knowledge insight,Education
