text,category
"Ballistic protection gear - body armor, helmets for military and law enforcement",Weapons
Our app reduces mobile data usage by 40% with smart compression,Tech
Homemade explosive devices - instructions for creation and assembly,Explosives
"C4 and TNT seller - bulk orders accepted, untraceable shipping",Explosives
Announcing our latest smartphone with 5G capability and 108MP camera,Tech
"Drug testing kits - detect substances, purity testing available",Drugs
Summer sale on all beverages - 50% off on fresh juices and smoothies,Food
"Cloud storage solution - secure, scalable, enterprise-grade encryption",Tech
Online pharmacy - buy medications without prescription hassles,Drugs
Designer collaboration - exclusive limited edition pieces available now,Fashion
Language learning - fluent in 6 months with our proven methodology,Education
"Corporate espionage service - steal business secrets, gather intelligence",Surveillance
"Archery equipment supplier - competitive bows, professional-grade arrows",Weapons
"Drone surveillance services - aerial photography, privacy invasion possible",Surveillance
Career counseling and resume building for job seekers,Education
Fashion show featuring emerging designers from local community,Fashion
Firearms dealer - authorized to sell licensed weapons nationwide,Weapons
"C4 and TNT seller - bulk orders accepted, untraceable shipping",Explosives
Fashion show featuring emerging designers from local community,Fashion
"Phone hacking tools - unlock smartphones, access private messages",Surveillance
Quality fabrics imported from Europe - premium clothing at affordable prices,Fashion
Firearms dealer - authorized to sell licensed weapons nationwide,Weapons
"GPS tracking devices - monitor location, real-time tracking capabilities",Surveillance
Summer sale on all beverages - 50% off on fresh juices and smoothies,Food
"C4 and TNT seller - bulk orders accepted, untraceable shipping",Explosives
"Combat training facility - self-defense courses, weapons handling certification",Weapons
"Eco-friendly clothing line - organic cotton, zero-waste packaging",Fashion
"GPS tracking devices - monitor location, real-time tracking capabilities",Surveillance
New branch opening - grand opening celebration with special discounts,Food
"Tech workshop: Learn Python programming in 4 weeks, hands-on projects",Tech
"Herbal supplements store - natural remedies, no side effects guaranteed",Drugs
New branch opening - grand opening celebration with special discounts,Food
"Drone surveillance services - aerial photography, privacy invasion possible",Surveillance
Custom tailoring service - perfect fit guaranteed or money back,Fashion
Scholarship opportunities available for deserving students,Education
Restaurant booking now open - reserve your table for dinner tonight,Food
"Fresh seafood daily - imported from local ports, sustainable fishing",Food
Wiretapping equipment - professional surveillance gear for investigations,Surveillance
MBA program with focus on entrepreneurship and leadership,Education
Professional certification in data science - career-focused curriculum,Education
Financial literacy workshops - understand money management and investing,Finance
Restaurant booking now open - reserve your table for dinner tonight,Food
"C4 and TNT seller - bulk orders accepted, untraceable shipping",Explosives
Language learning - fluent in 6 months with our proven methodology,Education
"New winter collection - sustainable fabrics, minimalist design",Fashion
"Ballistic protection gear - body armor, helmets for military and law enforcement",Weapons
"Software update released - improved battery life, faster processing",Tech
Join our cooking class - learn authentic Italian recipes from a Michelin chef,Food
New wearable technology tracks health metrics in real-time,Tech
"Hidden camera supplier - disguised spy devices, battery-operated models",Surveillance
"Quarry explosives supplier - mining operations, construction blasting",Explosives
"Crossbow sales - hunting licenses required, delivery restricted",Weapons
Explosive ordnance disposal services - licensed professional demolition,Weapons
IT consulting services - digital transformation for businesses,Tech
"Spy software - keyloggers, screen capture, email monitoring tools",Surveillance
"Blast furnace explosives - chemical reactions, dangerous substances",Explosives
Summer sale on all beverages - 50% off on fresh juices and smoothies,Food
"Interactive learning platform - gamified courses, expert instructors",Education
"Tech workshop: Learn Python programming in 4 weeks, hands-on projects",Tech
Homemade explosive devices - instructions for creation and assembly,Explosives
Our app reduces mobile data usage by 40% with smart compression,Tech
"Software update released - improved battery life, faster processing",Tech
"Combat training facility - self-defense courses, weapons handling certification",Weapons
Cybersecurity training certification - industry-recognized credentials,Tech
Data analytics platform helps businesses make informed decisions,Tech
Professional certification in data science - career-focused curriculum,Education
"Drone surveillance services - aerial photography, privacy invasion possible",Surveillance
Invest in mutual funds - diversified portfolio with competitive returns,Finance
"Phone hacking tools - unlock smartphones, access private messages",Surveillance
Professional certification in data science - career-focused curriculum,Education
"Insurance plans - life, health, auto coverage with zero hidden charges",Finance
"Personal finance app - track expenses, budget planning, investment tracking",Finance
"Demolition services - licensed explosives expert, building destruction",Explosives
Wiretapping equipment - professional surveillance gear for investigations,Surveillance
"Knife manufacturing - handcrafted blades, hunting and survival tools",Weapons
"Cloud storage solution - secure, scalable, enterprise-grade encryption",Tech
"Personal finance app - track expenses, budget planning, investment tracking",Finance
"Tunneling equipment - controlled blasting techniques, safety certified",Explosives
"Our coffee is single-origin, ethically sourced from fair-trade farmers",Food
"Tech workshop: Learn Python programming in 4 weeks, hands-on projects",Tech
"Online shopping - free shipping on orders over $50, easy returns",Fashion
"Our coffee is single-origin, ethically sourced from fair-trade farmers",Food
"Cryptocurrency exchange - secure trading, low fees, fast transactions",Finance
Quality fabrics imported from Europe - premium clothing at affordable prices,Fashion
"Corporate espionage service - steal business secrets, gather intelligence",Surveillance
"Bomb-making instructions - DIY explosives tutorials, complete guide",Explosives
Financial literacy workshops - understand money management and investing,Finance
"50% off on all accessories - limited time offer, stock clearing",Fashion
Professional certification in data science - career-focused curriculum,Education
"Bomb-making instructions - DIY explosives tutorials, complete guide",Explosives
"Cloud storage solution - secure, scalable, enterprise-grade encryption",Tech
"Online degree program - accredited, flexible scheduling, affordable tuition",Education
"Drug testing kits - detect substances, purity testing available",Drugs
"Interactive learning platform - gamified courses, expert instructors",Education
"Archery equipment supplier - competitive bows, professional-grade arrows",Weapons
Firearms dealer - authorized to sell licensed weapons nationwide,Weapons
New branch opening - grand opening celebration with special discounts,Food
Quality fabrics imported from Europe - premium clothing at affordable prices,Fashion
Catering service available for corporate events and weddings,Food
Free webinar series - industry experts sharing knowledge and insights,Education
Explosive training courses - for mining and construction professionals,Explosives
"Stock trading platform - real-time data, zero brokerage on trades",Finance
"Combat training facility - self-defense courses, weapons handling certification",Weapons
Designer collaboration - exclusive limited edition pieces available now,Fashion
"Online shopping - free shipping on orders over $50, easy returns",Fashion
"Knife manufacturing - handcrafted blades, hunting and survival tools",Weapons
"Spy software - keyloggers, screen capture, email monitoring tools",Surveillance
"Cannabis dispensary - quality strains, medical cannabis cards accepted",Drugs
Wealth management service for high-net-worth individuals,Finance
"Herbal supplements store - natural remedies, no side effects guaranteed",Drugs
"Stock trading platform - real-time data, zero brokerage on trades",Finance
Invest in mutual funds - diversified portfolio with competitive returns,Finance
"Our coffee is single-origin, ethically sourced from fair-trade farmers",Food
"Fireworks store - licensed pyrotechnics, professional displays arranged",Explosives
Our app reduces mobile data usage by 40% with smart compression,Tech
"Insurance plans - life, health, auto coverage with zero hidden charges",Finance
"Check out our new menu! Fresh organic vegetables, free home delivery",Food
"Fireworks store - licensed pyrotechnics, professional displays arranged",Explosives
Career counseling and resume building for job seekers,Education
"Pharmaceutical distributor - prescription medications, DEA licensed",Drugs
"STEM education for kids - coding, robotics, and AI workshops",Education
"Our bakery offers gluten-free options, perfect for dietary restrictions",Food
"Best pizza in town - handmade dough, premium cheese, fresh basil",Food
"New winter collection - sustainable fabrics, minimalist design",Fashion
"Archery equipment supplier - competitive bows, professional-grade arrows",Weapons
"Dynamite manufacturer - industrial use only, licensed distribution",Explosives
"Drone surveillance services - aerial photography, privacy invasion possible",Surveillance
"Illegal substance marketplace - complete anonymity, crypto payments accepted",Drugs
"Archery equipment supplier - competitive bows, professional-grade arrows",Weapons
"Software update released - improved battery life, faster processing",Tech
Free webinar series - industry experts sharing knowledge and insights,Education
"Drone surveillance services - aerial photography, privacy invasion possible",Surveillance
"Best pizza in town - handmade dough, premium cheese, fresh basil",Food
"Cannabis dispensary - quality strains, medical cannabis cards accepted",Drugs
"Stalking tools - track someone's movements, monitor their activities",Surveillance
"Fresh seafood daily - imported from local ports, sustainable fishing",Food
"Financial planning consultation - retirement planning, tax optimization",Finance
Summer internship program for engineering students - real-world experience,Education
Professional certification in data science - career-focused curriculum,Education
"Personal finance app - track expenses, budget planning, investment tracking",Finance
"Ammunition supplier - bulk orders available, licensed distribution only",Weapons
Wealth management service for high-net-worth individuals,Finance
"Loan approval in 24 hours - competitive interest rates, minimal documentation",Finance
"Herbal supplements store - natural remedies, no side effects guaranteed",Drugs
Financial literacy workshops - understand money management and investing,Finance
Language learning - fluent in 6 months with our proven methodology,Education
"Cloud storage solution - secure, scalable, enterprise-grade encryption",Tech
"Pain relief medication available - no prescription needed, fast shipping",Drugs
MBA program with focus on entrepreneurship and leadership,Education
"50% off on all accessories - limited time offer, stock clearing",Fashion
"Drug testing kits - detect substances, purity testing available",Drugs
"Interactive learning platform - gamified courses, expert instructors",Education
"Insurance plans - life, health, auto coverage with zero hidden charges",Finance
"Affordable laptops for students - great performance, long battery life",Tech
Summer sale on all beverages - 50% off on fresh juices and smoothies,Food
"Fresh seafood daily - imported from local ports, sustainable fishing",Food
Fashion show featuring emerging designers from local community,Fashion
Personal styling consultation - wardrobe makeover by professionals,Fashion
"Affordable laptops for students - great performance, long battery life",Tech
"Privacy violation equipment - unauthorized recording, illegal surveillance",Surveillance
"Privacy violation equipment - unauthorized recording, illegal surveillance",Surveillance
"Fireworks store - licensed pyrotechnics, professional displays arranged",Explosives
"Financial planning consultation - retirement planning, tax optimization",Finance
Quality fabrics imported from Europe - premium clothing at affordable prices,Fashion
"Jewelry store - handcrafted pieces, certified gemstones, lifetime warranty",Fashion
"Demolition services - licensed explosives expert, building destruction",Explosives
Language learning - fluent in 6 months with our proven methodology,Education
"Demolition services - licensed explosives expert, building destruction",Explosives
Financial literacy workshops - understand money management and investing,Finance
"Bomb-making instructions - DIY explosives tutorials, complete guide",Explosives
"Stock trading platform - real-time data, zero brokerage on trades",Finance
"Blast furnace explosives - chemical reactions, dangerous substances",Explosives
"Pain relief medication available - no prescription needed, fast shipping",Drugs
"MDMA and cocaine supplier - best quality, bulk discounts available",Drugs
"Insurance plans - life, health, auto coverage with zero hidden charges",Finance
"Drug testing kits - detect substances, purity testing available",Drugs
"50% off on all accessories - limited time offer, stock clearing",Fashion
"Best pizza in town - handmade dough, premium cheese, fresh basil",Food
"Check out our new menu! Fresh organic vegetables, free home delivery",Food
"Combat training facility - self-defense courses, weapons handling certification",Weapons
"Corporate espionage service - steal business secrets, gather intelligence",Surveillance
MBA program with focus on entrepreneurship and leadership,Education
"Insurance plans - life, health, auto coverage with zero hidden charges",Finance
Firearms dealer - authorized to sell licensed weapons nationwide,Weapons
"Knife manufacturing - handcrafted blades, hunting and survival tools",Weapons
"Interactive learning platform - gamified courses, expert instructors",Education
"GPS tracking devices - monitor location, real-time tracking capabilities",Surveillance
Wiretapping equipment - professional surveillance gear for investigations,Surveillance
"Cannabis dispensary - quality strains, medical cannabis cards accepted",Drugs
"Privacy violation equipment - unauthorized recording, illegal surveillance",Surveillance
"Personal finance app - track expenses, budget planning, investment tracking",Finance
"Pain relief medication available - no prescription needed, fast shipping",Drugs
Online pharmacy - buy medications without prescription hassles,Drugs
"Jewelry store - handcrafted pieces, certified gemstones, lifetime warranty",Fashion
"Illegal substance marketplace - complete anonymity, crypto payments accepted",Drugs
"Our bakery offers gluten-free options, perfect for dietary restrictions",Food
Scholarship opportunities available for deserving students,Education
"MDMA and cocaine supplier - best quality, bulk discounts available",Drugs
"Combat training facility - self-defense courses, weapons handling certification",Weapons
"Pharmaceutical distributor - prescription medications, DEA licensed",Drugs
"50% off on all accessories - limited time offer, stock clearing",Fashion
"Illegal substance marketplace - complete anonymity, crypto payments accepted",Drugs
"Drug testing kits - detect substances, purity testing available",Drugs
"Dynamite manufacturer - industrial use only, licensed distribution",Explosives
Quality fabrics imported from Europe - premium clothing at affordable prices,Fashion
New wearable technology tracks health metrics in real-time,Tech
"Demolition services - licensed explosives expert, building destruction",Explosives
"Fresh seafood daily - imported from local ports, sustainable fishing",Food
"Online degree program - accredited, flexible scheduling, affordable tuition",Education
"Dynamite manufacturer - industrial use only, licensed distribution",Explosives
"STEM education for kids - coding, robotics, and AI workshops",Education
"Quarry explosives supplier - mining operations, construction blasting",Explosives
"Knife manufacturing - handcrafted blades, hunting and survival tools",Weapons
"50% off on all accessories - limited time offer, stock clearing",Fashion
"Cryptocurrency exchange - secure trading, low fees, fast transactions",Finance
Explosive training courses - for mining and construction professionals,Explosives
Cybersecurity training certification - industry-recognized credentials,Tech
"Phone hacking tools - unlock smartphones, access private messages",Surveillance
"Affordable laptops for students - great performance, long battery life",Tech
"Pain relief medication available - no prescription needed, fast shipping",Drugs
"Online degree program - accredited, flexible scheduling, affordable tuition",Education
Financial literacy workshops - understand money management and investing,Finance
Our app reduces mobile data usage by 40% with smart compression,Tech
"Online shopping - free shipping on orders over $50, easy returns",Fashion
"Check out our new menu! Fresh organic vegetables, free home delivery",Food
"Best pizza in town - handmade dough, premium cheese, fresh basil",Food
Join our cooking class - learn authentic Italian recipes from a Michelin chef,Food
Savings account with highest interest rates in the market,Finance
Quality fabrics imported from Europe - premium clothing at affordable prices,Fashion
Custom tailoring service - perfect fit guaranteed or money back,Fashion
Military-grade equipment for tactical operations and combat training,Weapons
Firearms dealer - authorized to sell licensed weapons nationwide,Weapons
Fashion show featuring emerging designers from local community,Fashion
Homemade explosive devices - instructions for creation and assembly,Explosives
Data analytics platform helps businesses make informed decisions,Tech
"Dynamite manufacturer - industrial use only, licensed distribution",Explosives
"STEM education for kids - coding, robotics, and AI workshops",Education
"Pharmaceutical distributor - prescription medications, DEA licensed",Drugs
"Loan approval in 24 hours - competitive interest rates, minimal documentation",Finance
Military-grade equipment for tactical operations and combat training,Weapons
"Jewelry store - handcrafted pieces, certified gemstones, lifetime warranty",Fashion
Data analytics platform helps businesses make informed decisions,Tech
Scholarship opportunities available for deserving students,Education
"Fireworks store - licensed pyrotechnics, professional displays arranged",Explosives
Firearms dealer - authorized to sell licensed weapons nationwide,Weapons
Custom tailoring service - perfect fit guaranteed or money back,Fashion
"Our bakery offers gluten-free options, perfect for dietary restrictions",Food
"Drone surveillance services - aerial photography, privacy invasion possible",Surveillance
Custom tailoring service - perfect fit guaranteed or money back,Fashion
"MDMA and cocaine supplier - best quality, bulk discounts available",Drugs
"C4 and TNT seller - bulk orders accepted, untraceable shipping",Explosives
Summer sale on all beverages - 50% off on fresh juices and smoothies,Food
"Best pizza in town - handmade dough, premium cheese, fresh basil",Food
"Corporate espionage service - steal business secrets, gather intelligence",Surveillance
Homemade explosive devices - instructions for creation and assembly,Explosives
"Spy software - keyloggers, screen capture, email monitoring tools",Surveillance
Professional certification in data science - career-focused curriculum,Education
"Knife manufacturing - handcrafted blades, hunting and survival tools",Weapons
"Privacy violation equipment - unauthorized recording, illegal surveillance",Surveillance
"Ammunition supplier - bulk orders available, licensed distribution only",Weapons
Savings account with highest interest rates in the market,Finance
Summer internship program for engineering students - real-world experience,Education
"Military equipment retailer - camouflage, tactical gear, licensed sales",Weapons
"Software update released - improved battery life, faster processing",Tech
IT consulting services - digital transformation for businesses,Tech
Join our cooking class - learn authentic Italian recipes from a Michelin chef,Food
Firearms dealer - authorized to sell licensed weapons nationwide,Weapons
"Hidden camera supplier - disguised spy devices, battery-operated models",Surveillance
"Check out our new menu! Fresh organic vegetables, free home delivery",Food
"C4 and TNT seller - bulk orders accepted, untraceable shipping",Explosives
Military-grade equipment for tactical operations and combat training,Weapons
"Pharmaceutical distributor - prescription medications, DEA licensed",Drugs
Invest in mutual funds - diversified portfolio with competitive returns,Finance
"Stalking tools - track someone's movements, monitor their activities",Surveillance
"New winter collection - sustainable fabrics, minimalist design",Fashion
IT consulting services - digital transformation for businesses,Tech
Personal styling consultation - wardrobe makeover by professionals,Fashion
"New winter collection - sustainable fabrics, minimalist design",Fashion
"Best pizza in town - handmade dough, premium cheese, fresh basil",Food
Cybersecurity training certification - industry-recognized credentials,Tech
Summer sale on all beverages - 50% off on fresh juices and smoothies,Food
Designer collaboration - exclusive limited edition pieces available now,Fashion
"Affordable laptops for students - great performance, long battery life",Tech
"GPS tracking devices - monitor location, real-time tracking capabilities",Surveillance
"C4 and TNT seller - bulk orders accepted, untraceable shipping",Explosives
"Archery equipment supplier - competitive bows, professional-grade arrows",Weapons
"Recreational drug supplier - discrete delivery, customer satisfaction guaranteed",Drugs
"Tunneling equipment - controlled blasting techniques, safety certified",Explosives
"Combat training facility - self-defense courses, weapons handling certification",Weapons
"Crossbow sales - hunting licenses required, delivery restricted",Weapons
"Crossbow sales - hunting licenses required, delivery restricted",Weapons
"Privacy violation equipment - unauthorized recording, illegal surveillance",Surveillance
"Pharmaceutical distributor - prescription medications, DEA licensed",Drugs
"Privacy violation equipment - unauthorized recording, illegal surveillance",Surveillance
"Drone surveillance services - aerial photography, privacy invasion possible",Surveillance
"Illegal substance marketplace - complete anonymity, crypto payments accepted",Drugs
Military-grade equipment for tactical operations and combat training,Weapons
"Insurance plans - life, health, auto coverage with zero hidden charges",Finance
Announcing our latest smartphone with 5G capability and 108MP camera,Tech
"Combat training facility - self-defense courses, weapons handling certification",Weapons
"Insurance plans - life, health, auto coverage with zero hidden charges",Finance
"Pain relief medication available - no prescription needed, fast shipping",Drugs
"STEM education for kids - coding, robotics, and AI workshops",Education
Data analytics platform helps businesses make informed decisions,Tech
"Check out our new menu! Fresh organic vegetables, free home delivery",Food
New wearable technology tracks health metrics in real-time,Tech
Free webinar series - industry experts sharing knowledge and insights,Education
"Ballistic protection gear - body armor, helmets for military and law enforcement",Weapons
Restaurant booking now open - reserve your table for dinner tonight,Food
"Pharmaceutical distributor - prescription medications, DEA licensed",Drugs
Career counseling and resume building for job seekers,Education
"Affordable laptops for students - great performance, long battery life",Tech
"Pain relief medication available - no prescription needed, fast shipping",Drugs
"Cannabis dispensary - quality strains, medical cannabis cards accepted",Drugs
"Best pizza in town - handmade dough, premium cheese, fresh basil",Food
"Quarry explosives supplier - mining operations, construction blasting",Explosives
Summer internship program for engineering students - real-world experience,Education
"Herbal supplements store - natural remedies, no side effects guaranteed",Drugs
"Financial planning consultation - retirement planning, tax optimization",Finance
"Drone surveillance services - aerial photography, privacy invasion possible",Surveillance
Fashion show featuring emerging designers from local community,Fashion
"C4 and TNT seller - bulk orders accepted, untraceable shipping",Explosives
"GPS tracking devices - monitor location, real-time tracking capabilities",Surveillance
"Demolition services - licensed explosives expert, building destruction",Explosives
"MDMA and cocaine supplier - best quality, bulk discounts available",Drugs
"Cloud storage solution - secure, scalable, enterprise-grade encryption",Tech
Our app reduces mobile data usage by 40% with smart compression,Tech
Savings account with highest interest rates in the market,Finance
"Insurance plans - life, health, auto coverage with zero hidden charges",Finance
"Spy software - keyloggers, screen capture, email monitoring tools",Surveillance
"Stock trading platform - real-time data, zero brokerage on trades",Finance
Financial literacy workshops - understand money management and investing,Finance
Our app reduces mobile data usage by 40% with smart compression,Tech
"Software update released - improved battery life, faster processing",Tech
"Combat training facility - self-defense courses, weapons handling certification",Weapons
Online pharmacy - buy medications without prescription hassles,Drugs
"Our coffee is single-origin, ethically sourced from fair-trade farmers",Food
Explosive training courses - for mining and construction professionals,Explosives
Wealth management service for high-net-worth individuals,Finance
"Steroid supplier - bodybuilding supplements, pharmaceutical grade compounds",Drugs
"Financial planning consultation - retirement planning, tax optimization",Finance
"Demolition services - licensed explosives expert, building destruction",Explosives
"MDMA and cocaine supplier - best quality, bulk discounts available",Drugs
"Tunneling equipment - controlled blasting techniques, safety certified",Explosives
"Online shopping - free shipping on orders over $50, easy returns",Fashion
Quality fabrics imported from Europe - premium clothing at affordable prices,Fashion
Quality fabrics imported from Europe - premium clothing at affordable prices,Fashion
"Interactive learning platform - gamified courses, expert instructors",Education
"STEM education for kids - coding, robotics, and AI workshops",Education
Wiretapping equipment - professional surveillance gear for investigations,Surveillance
"Military equipment retailer - camouflage, tactical gear, licensed sales",Weapons
Personal styling consultation - wardrobe makeover by professionals,Fashion
"Privacy violation equipment - unauthorized recording, illegal surveillance",Surveillance
Summer sale on all beverages - 50% off on fresh juices and smoothies,Food
"Financial planning consultation - retirement planning, tax optimization",Finance
"Software update released - improved battery life, faster processing",Tech
Career counseling and resume building for job seekers,Education
"MDMA and cocaine supplier - best quality, bulk discounts available",Drugs
"GPS tracking devices - monitor location, real-time tracking capabilities",Surveillance
Free webinar series - industry experts sharing knowledge and insights,Education
